{
    "accuracy": 0.9789473684210527,
    "precision": 0.9787910327460246,
    "recall": 0.9789473684210527
}
